password,created,available,secret
"6bUeeOIkHbXNFGA",2019-01-19 00:51:26,2019-01-19 14:36:05,"Odio et inventore eligendi in."
"6bUeeOIkHbXNFGA",2019-01-19 00:51:26,2019-01-19 10:45:32,"Harum sit odio quia vitae provident quo provident."
"gBeH_CD67ijJI1O",2019-01-19 00:51:26,2019-01-19 18:13:22,"Enim necessitatibus molestiae."
"MWPHasx8NP7RJhN",2019-01-19 00:51:26,2019-01-19 10:30:29,"Veniam perspiciatis et nisi aut corporis laboriosam."
"MWPHasx8NP7RJhN",2019-01-19 00:51:26,2019-01-19 14:25:02,"Soluta accusamus officiis ut excepturi blanditiis libero ut."
"MWPHasx8NP7RJhN",2019-01-19 00:51:26,2019-01-19 21:28:46,"Fuga enim tempore non voluptas quia vitae ipsam voluptas."
"W5Ru0xeNYUQ0icQ",2019-01-19 00:51:26,2019-01-19 09:07:41,"Eius iure commodi molestiae at voluptas quo."
"W5Ru0xeNYUQ0icQ",2019-01-19 00:51:26,2019-01-19 17:10:18,"Ipsa incidunt corporis vel in unde."
"W5Ru0xeNYUQ0icQ",2019-01-19 00:51:26,2019-01-19 01:51:10,"Asperiores consequatur ex quidem omnis inventore deserunt."
"Fi7CAsQU7uL_3qU",2019-01-19 00:51:26,2019-01-19 10:31:50,"Eum cum ipsam consequatur ex accusamus ipsum."
"Fi7CAsQU7uL_3qU",2019-01-19 00:51:26,2019-01-19 00:55:09,"Inventore laboriosam deleniti omnis occaecati culpa culpa occaecati nemo."
"Fi7CAsQU7uL_3qU",2019-01-19 00:51:26,2019-01-19 21:43:46,"Doloribus expedita et ut quia ut nostrum ducimus occaecati veniam."
"dVRmBFfs00ZsBoI",2019-01-19 00:51:26,2019-01-19 14:01:31,"Qui voluptates unde velit explicabo accusantium exercitationem illum molestiae et."
"NgQHd9pE0mknbG3",2019-01-19 00:51:26,2019-01-19 07:00:39,"Quas optio ea odio sit odio quae voluptas id error."
"NgQHd9pE0mknbG3",2019-01-19 00:51:26,2019-01-19 19:42:53,"Aut qui qui."
"hWAhJar4owxOcFI",2019-01-19 00:51:26,2019-01-19 11:41:15,"Quia dolores sed dolores vel quis."
"hWAhJar4owxOcFI",2019-01-19 00:51:26,2019-01-19 05:37:36,"Consequatur voluptas consequatur expedita omnis laudantium recusandae error culpa nihil."
"hWAhJar4owxOcFI",2019-01-19 00:51:26,2019-01-19 20:07:52,"Porro voluptatem vel est libero."
"gFMcT_XhjQWxcO_",2019-01-19 00:51:26,2019-01-19 08:49:14,"Autem consectetur occaecati nemo molestiae."
"gFMcT_XhjQWxcO_",2019-01-19 00:51:26,2019-01-19 20:25:29,"Soluta velit illo deleniti aut sit id quia expedita."
"gFMcT_XhjQWxcO_",2019-01-19 00:51:26,2019-01-19 22:04:30,"Amet sed esse aut doloribus dolores ut ipsum."
"MPOn7K7mvGDAnTS",2019-01-19 00:51:26,2019-01-19 23:43:46,"Sed atque repellendus."
"MPOn7K7mvGDAnTS",2019-01-19 00:51:26,2019-01-19 23:08:36,"Autem beatae aspernatur sit laudantium occaecati."
"lY48KZdGv3Xdasz",2019-01-19 00:51:26,2019-01-19 23:50:18,"Ab quas vel et error."
"5W7GgGCiC0SN0UY",2019-01-19 00:51:26,2019-01-19 15:56:16,"Harum reprehenderit accusantium quo necessitatibus."
"5W7GgGCiC0SN0UY",2019-01-19 00:51:26,2019-01-19 18:50:33,"Tenetur consequuntur voluptatum."
"isodBIascBLyzpq",2019-01-19 00:51:26,2019-01-19 09:14:45,"Mollitia minima sit ut quisquam vitae consequatur similique dicta."
"BTdV6W_8HuLyOXu",2019-01-19 00:51:26,2019-01-19 05:26:52,"Harum alias sit deleniti necessitatibus molestiae qui."
"BTdV6W_8HuLyOXu",2019-01-19 00:51:26,2019-01-19 21:13:56,"Ab nihil voluptate."
"MxaQvRZXnpBBwFG",2018-02-21 14:40:49,2019-09-12 14:57:38,"Ea et aut itaque totam."
"MxaQvRZXnpBBwFG",2018-11-04 19:17:19,2019-05-02 03:21:20,"Ullam quidem saepe ad deleniti."
"MxaQvRZXnpBBwFG",2018-03-24 22:28:33,2019-10-15 10:18:41,"Quam voluptas esse aut est."
"p8eQgTZXCVa3eaU",2018-09-18 20:41:24,2019-08-21 05:11:08,"Vitae quod culpa natus et."
"X7gQjK42nHMskh7",2018-04-11 23:26:51,2019-06-25 13:40:31,"Tenetur omnis expedita error."
"MHmaAIzODjCg5Id",2018-02-20 23:45:24,2019-02-12 18:18:03,"Voluptatibus blanditiis sequi minima sed recusandae atque ipsam voluptatum."
"IKXhFMzlmD0j4M0",2018-02-15 10:40:29,2019-12-31 21:03:42,"Eos corporis molestias atque exercitationem."
"IKXhFMzlmD0j4M0",2018-01-29 05:16:36,2019-12-01 14:18:00,"Illum soluta quia aut."
"IKXhFMzlmD0j4M0",2018-08-31 06:03:08,2019-04-25 07:05:03,"Sunt voluptate cum expedita laborum voluptate et quaerat inventore vitae."
"V2MqJuIDzsXxVsh",2018-08-22 07:55:46,2019-07-16 08:31:23,"Quis aut doloribus explicabo ut quo aliquid."
"_0dwxFMMDZTorN8",2018-05-06 19:59:49,2019-06-12 15:11:48,"Sed dolores assumenda dolorem sed laborum maiores labore aliquam."
"wUDi6fwaS4VK8mR",2018-10-08 01:57:12,2019-12-20 15:26:10,"Molestias ut alias modi amet alias assumenda voluptatibus suscipit aut."
"wUDi6fwaS4VK8mR",2018-08-28 21:16:24,2019-02-26 17:43:35,"Esse similique maxime error non amet."
"unPIjkxtRrmGrxp",2018-07-28 16:31:17,2019-03-11 14:43:27,"Cum odio est recusandae enim qui maxime."
"unPIjkxtRrmGrxp",2018-10-30 13:22:19,2019-02-26 11:40:36,"Natus ea labore asperiores possimus aspernatur dolorem."
"wkiRBvsqw_DDbVf",2018-04-21 07:02:06,2019-08-03 07:47:21,"Dolore fugit cupiditate."
"lNx4Tbr2VW1QrhF",2018-05-27 18:20:54,2019-12-24 06:04:22,"Eveniet dolorem ea provident commodi iure aut dolore sed."
"tRoklOQJssvDJst",2018-03-30 14:20:11,2019-10-13 16:03:28,"Vero suscipit at dolores a et optio eius aut."
"tRoklOQJssvDJst",2019-01-04 02:30:17,2019-02-02 04:58:27,"Id nulla porro voluptatem porro eaque."
"MyJpGfYR_Kd_UNJ",2018-12-04 08:30:54,2019-09-04 12:47:54,"Alias impedit aut sapiente unde debitis deleniti totam."
"Di_V3YN1px0hzw0",2018-03-03 14:44:19,2019-12-07 12:27:04,"Placeat quia ut et non quia."
"Di_V3YN1px0hzw0",2019-01-08 06:57:41,2019-03-25 13:18:55,"Iste expedita omnis est vel voluptas."
"Di_V3YN1px0hzw0",2018-08-03 18:17:22,2019-04-30 09:30:37,"Totam neque voluptatem occaecati ex omnis tenetur est."
"B_C305zBzuJ6hmM",2018-06-13 19:35:19,2019-03-02 06:46:47,"Nihil consequatur et ad repellat sed."
"B_C305zBzuJ6hmM",2018-05-24 19:13:32,2019-10-07 14:34:02,"Tenetur et consequatur et dolorem in quia minima."
"B_C305zBzuJ6hmM",2018-06-17 22:34:41,2019-05-02 08:23:44,"Facilis consequatur dolores neque eum maiores debitis tempora impedit."
"XeRriL6kPlWCBmU",2018-08-01 16:15:13,2019-06-22 05:12:02,"Impedit odio consectetur nulla nemo architecto laboriosam deleniti consequatur."
"XeRriL6kPlWCBmU",2018-08-10 03:57:13,2019-11-05 17:09:39,"Eum earum quia et iure."
"LOrAjKNgs5gSqYz",2018-01-21 00:04:13,2019-06-03 08:07:23,"Qui magnam perferendis quia debitis libero veritatis autem minus dolores."
"LOrAjKNgs5gSqYz",2018-05-20 05:32:24,2019-12-29 05:27:56,"Cum non et mollitia nam fuga non."
"LTaV37UUpnerD_9",2018-12-24 11:48:47,2019-07-05 20:52:01,"Et ut delectus minima illo."
"LTaV37UUpnerD_9",2018-06-27 08:28:34,2019-05-15 18:36:12,"Ut eligendi ut et facere laboriosam molestiae."
"LTaV37UUpnerD_9",2018-02-01 03:57:44,2019-09-01 22:12:38,"Debitis placeat ipsum non natus magnam qui cupiditate voluptas assumenda."
"KhATavzpw3hA8QE",2018-10-26 04:51:44,2019-03-01 11:11:49,"Expedita aliquid quia et facere."
"pXIUahDTR1lv4Sy",2018-12-03 12:56:02,2019-05-16 00:15:11,"Tempora laboriosam at dolorem eum sequi aliquid delectus ut similique."
"pXIUahDTR1lv4Sy",2018-06-27 02:50:18,2019-05-19 17:45:24,"Dolorem quo aut eveniet quibusdam excepturi inventore fugit nemo illo."
"pz0H844baOYBKTA",2018-08-06 21:52:48,2019-11-24 10:14:42,"Enim pariatur iure optio iste non perferendis."
"pz0H844baOYBKTA",2018-12-16 22:58:45,2019-09-29 06:16:43,"Et tempora omnis magnam ut aliquid doloribus repellendus eum."
"w3FiJOW5CojCJF3",2018-04-01 23:12:41,2019-02-17 16:09:39,"Reiciendis dignissimos ut quod cum."
"w3FiJOW5CojCJF3",2018-07-19 09:24:35,2019-05-03 01:13:34,"Est voluptatem esse aut sint quia enim et earum vel."
"863cVOhNGXFXuz8",2018-08-05 19:30:18,2019-07-01 19:37:57,"Veniam eius earum."
"sETSrYsGUZsmaOc",2018-09-16 18:13:56,2019-02-25 04:09:10,"Quae est tempore dolor expedita."
"sETSrYsGUZsmaOc",2018-11-06 08:08:49,2019-04-14 05:30:33,"Voluptas illum laborum et aspernatur necessitatibus mollitia quae deleniti."
"w1DhWiYeGRUtgGv",2018-05-22 05:09:44,2019-08-27 12:39:07,"Molestiae suscipit minus voluptatibus."
"w1DhWiYeGRUtgGv",2018-12-20 06:11:15,2019-12-08 18:30:16,"Dolorum aliquid necessitatibus adipisci fugit sit eos."
"w1DhWiYeGRUtgGv",2018-09-01 00:53:02,2019-09-27 19:00:27,"Qui nulla et."
"lr3aeZyE0rO82ac",2019-01-13 04:01:59,2019-07-27 23:36:05,"Accusamus voluptatem eligendi quisquam saepe delectus facere."
"lr3aeZyE0rO82ac",2019-01-11 03:13:50,2019-10-19 23:56:25,"Et sit qui amet."
"lr3aeZyE0rO82ac",2018-08-08 01:32:05,2019-03-25 16:50:11,"Accusamus nihil iusto nesciunt aliquid sed reprehenderit."
"EevIoAnxLwo0ngg",2018-04-01 07:40:28,2019-10-06 16:59:41,"Aliquid cum aliquid praesentium."
"EevIoAnxLwo0ngg",2018-08-08 11:26:13,2019-02-17 05:42:53,"Quam qui occaecati culpa earum commodi."
"EevIoAnxLwo0ngg",2018-07-06 20:46:53,2020-01-16 20:20:13,"Fugit adipisci necessitatibus voluptas qui."
"tBAKKriBHvJSN7K",2018-07-19 20:05:09,2019-04-17 01:22:23,"Ut rerum qui quos ea et occaecati nesciunt fuga."
"R7mGloQYNJE4dDM",2018-05-06 23:24:25,2019-09-28 06:16:34,"Ut ipsam ratione dolorem harum sint voluptatem."
"qTP_VP63OJWcmsA",2018-05-06 06:57:56,2019-06-05 07:29:37,"Aut in quasi architecto non minima."
"qTP_VP63OJWcmsA",2018-03-29 12:18:38,2019-11-28 12:56:10,"Sed aut laborum reprehenderit rerum facilis."
"KOsBlqKoFEk3LF1",2018-02-07 18:31:48,2019-02-03 15:57:05,"Sunt nihil nam."
"KOsBlqKoFEk3LF1",2018-05-16 18:12:19,2019-03-15 11:24:53,"Itaque ducimus ut ad voluptatem alias provident mollitia."
"KOsBlqKoFEk3LF1",2018-02-23 17:50:05,2019-10-02 10:23:02,"Enim libero voluptate exercitationem ipsam."
"Tcsho8B8gPF425E",2018-07-16 18:29:16,2019-02-18 00:08:49,"Sint repellat et voluptatem nihil."
"Tcsho8B8gPF425E",2018-04-06 12:34:36,2020-01-15 07:33:54,"Quis iure doloribus qui natus quae."
"xJ9qWgQ8ros0H2t",2018-12-25 17:24:55,2019-04-11 00:55:12,"Quo qui doloribus."
"xJ9qWgQ8ros0H2t",2018-08-22 07:52:39,2019-08-16 11:34:59,"Molestiae hic soluta et."
"xJ9qWgQ8ros0H2t",2018-04-16 02:17:25,2019-07-26 15:24:59,"Enim fugiat odio adipisci dolores."
"aKpRG2YWq4LJtfZ",2018-11-18 13:44:24,2020-01-18 01:52:46,"Quis possimus nihil autem voluptas a molestiae."
"rui0VPcFekD2Xed",2018-03-02 22:27:46,2019-03-01 16:53:09,"Suscipit possimus voluptate et quam."
"rui0VPcFekD2Xed",2019-01-15 12:53:34,2019-10-05 10:22:08,"Eum quia molestias."
"nySYMbsstvP5zbx",2019-01-04 15:37:26,2019-03-15 08:52:32,"Et cum sunt consequatur sint reprehenderit laborum atque neque qui."
"zVp4IbsMjSr3M9d",2018-12-10 22:59:03,2019-05-31 13:59:03,"Quae eum incidunt et alias."
"zVp4IbsMjSr3M9d",2018-10-24 08:53:18,2019-09-26 15:16:42,"Quos occaecati sit quia consequatur."
"zVp4IbsMjSr3M9d",2018-03-06 00:44:54,2020-01-10 16:49:29,"Aut quas architecto quasi dolores sunt porro."
"MY47g0qFBoK_dfO",2018-07-28 09:58:58,2019-12-01 22:29:12,"Eveniet porro repellendus vel."
"MY47g0qFBoK_dfO",2018-08-08 04:47:31,2019-11-14 03:17:19,"Asperiores nobis adipisci."
"MY47g0qFBoK_dfO",2018-12-29 03:00:46,2019-08-23 14:37:17,"Quas quia delectus doloribus expedita."
"gqJCOxj8hgpg_r7",2018-02-14 05:20:25,2019-10-08 09:13:29,"Nesciunt laudantium est ipsam sunt suscipit."
"gqJCOxj8hgpg_r7",2018-05-29 07:21:47,2019-10-05 05:51:48,"Facere et et reprehenderit nulla recusandae facere natus sit."
"aHZ5w8CqEhoRr25",2018-07-20 11:20:31,2019-03-22 16:36:33,"Esse impedit et non deleniti illo quam quam laudantium vel."
"Y_78z45ivYHYoN8",2018-07-03 13:26:11,2019-10-11 17:53:12,"Voluptatem et et molestiae modi laborum."
"Y_78z45ivYHYoN8",2018-05-02 16:03:13,2019-07-20 13:53:59,"Perspiciatis explicabo aut suscipit possimus accusamus reiciendis aliquid."
"Y_78z45ivYHYoN8",2018-07-04 22:42:02,2019-07-20 03:04:57,"Omnis at voluptatibus repellat minima quis aut ducimus nostrum."
"pWAUirgrGynFI8r",2018-11-14 07:35:50,2019-04-07 02:17:52,"Corporis eligendi minus ipsam."
"pWAUirgrGynFI8r",2018-10-04 03:28:23,2019-11-05 00:42:55,"Earum quod modi dolor dolor modi laudantium cumque."
"U0OJ_9BgmHmciz7",2018-12-28 13:03:09,2019-03-01 01:44:21,"Impedit sit voluptas sint repudiandae est corporis."
"U0OJ_9BgmHmciz7",2018-02-08 07:23:55,2019-06-12 22:53:07,"Aspernatur consequatur fugit."
"muqbSiue2fVXuZ6",2018-08-03 19:02:30,2019-06-11 01:08:29,"Inventore cum voluptatem dolorem quae eum quasi repudiandae."
"zeflijE_nJ6a75P",2019-01-16 08:25:08,2019-04-06 07:10:42,"Rerum hic doloribus sunt aut veritatis et vero dignissimos error."
"c_7m9dXYsbsz9Lh",2018-06-26 07:52:52,2019-05-06 00:59:41,"Aliquam cum ipsa."
"c_7m9dXYsbsz9Lh",2018-09-10 23:40:38,2020-01-16 23:00:24,"Reprehenderit velit rerum quibusdam quis."
"2qhai3popbwPx25",2018-04-23 16:58:11,2019-10-21 14:27:28,"Quae quasi aut quam blanditiis odit eum est enim."
"2qhai3popbwPx25",2018-04-19 09:52:54,2019-10-04 11:19:08,"Aut dicta vitae quia repudiandae quis illum in mollitia."
"2qhai3popbwPx25",2018-04-08 08:20:32,2019-07-23 23:19:16,"Ut quo rem voluptas ratione voluptas et quia."
"og7xmUsQtDoIAxn",2018-06-17 09:53:36,2019-08-30 14:17:30,"Laboriosam necessitatibus est sunt cupiditate nulla."
"og7xmUsQtDoIAxn",2018-10-11 06:23:45,2019-04-02 18:44:31,"Sed doloremque nemo sit quos quaerat."
"og7xmUsQtDoIAxn",2018-10-25 18:32:05,2019-12-10 16:40:34,"Unde assumenda quia fuga non soluta."
"eGSvfeyLh2cCNSH",2018-03-17 18:30:01,2019-04-18 09:06:02,"Inventore alias exercitationem quia nulla hic."
"eGSvfeyLh2cCNSH",2018-11-30 22:48:20,2019-04-22 15:33:21,"At ullam quis atque occaecati non corrupti beatae."
"eGSvfeyLh2cCNSH",2018-08-02 06:23:46,2019-05-21 20:16:46,"Illo repellat voluptatem error nesciunt."
"VWfW4Egy6IZ7E2G",2018-11-30 02:53:15,2019-05-28 18:48:31,"Nulla dolores amet itaque."
"VWfW4Egy6IZ7E2G",2018-02-20 19:12:04,2019-12-18 18:01:37,"Praesentium consequatur explicabo vel."
"Ic5frs302BmHTkS",2018-10-12 18:24:05,2020-01-13 10:52:04,"Eos maxime nulla possimus cumque voluptatem reprehenderit aut."
"Ic5frs302BmHTkS",2019-01-05 18:41:31,2019-12-08 09:33:04,"Quod quae dolorem et magni nulla voluptatem enim doloribus reiciendis."
"DvxO2hZDWWtYg8o",2018-02-25 05:41:53,2019-05-06 00:59:36,"Minima culpa et."
"DvxO2hZDWWtYg8o",2018-12-02 16:49:55,2019-04-10 19:04:47,"Ut totam repellendus eum eos assumenda veritatis perferendis iure ipsum."
"2AIfxQOTQl7YA4D",2018-05-12 21:09:57,2019-08-31 18:30:31,"Quo molestias sit et voluptatum et."
"2AIfxQOTQl7YA4D",2018-02-27 15:58:10,2019-06-03 02:22:21,"Voluptas quidem veniam adipisci autem accusamus ut quis."
"2AIfxQOTQl7YA4D",2018-09-12 09:24:56,2019-01-25 01:23:35,"Natus et vero quam est aut cumque praesentium numquam voluptates."
"5fJbJs6fesuRMd5",2018-10-28 06:33:04,2019-11-20 20:55:58,"Maxime rem officiis consequuntur assumenda architecto cum nam."
"5fJbJs6fesuRMd5",2018-09-27 12:47:48,2019-12-27 12:30:14,"Molestiae ut iure."
"G_6or8p9flibSfL",2018-10-15 18:02:56,2019-06-01 17:35:22,"Quisquam reprehenderit repudiandae."
"G_6or8p9flibSfL",2018-12-29 16:51:28,2019-05-11 12:56:29,"Possimus illo quod nobis illo earum."
"G_6or8p9flibSfL",2018-10-08 10:36:57,2019-05-02 00:38:33,"Et eum neque et ratione qui perspiciatis qui."
"vHJEqj7STofRYvp",2018-05-11 16:42:05,2019-11-19 21:43:57,"Rerum enim aperiam aut."
"vHJEqj7STofRYvp",2018-07-22 17:32:25,2019-06-21 10:44:05,"Quisquam iste dolores est."
"NztTOF0sr71t4St",2018-04-02 14:03:00,2020-01-14 13:29:13,"Repellat natus a voluptatibus aut hic voluptates."
"NztTOF0sr71t4St",2018-05-13 22:14:08,2019-02-25 05:34:53,"Tenetur cum iure dolores deserunt totam odit molestiae."
"NztTOF0sr71t4St",2018-04-24 21:39:00,2019-06-19 09:58:34,"Aut ratione sit nostrum."
"9T9G0WnJKxKAny3",2018-12-17 04:25:34,2019-11-07 04:09:44,"Nisi deserunt repudiandae itaque qui."
"mCSawwd53_hj013",2018-02-25 21:37:32,2019-12-02 09:28:11,"Qui enim nulla voluptate itaque aliquam sit sed."
"v9Vo6RvoFmnjqtm",2018-11-29 15:28:02,2019-09-10 07:45:39,"Dolor reprehenderit quam dolor ut dolorem nihil saepe."
"v9Vo6RvoFmnjqtm",2018-10-11 22:15:29,2019-02-10 18:42:22,"Saepe nam et aut."
"1vWNcoxszHdFn9I",2018-02-26 07:01:56,2019-01-19 02:02:54,"Corrupti maxime et voluptate."
"1vWNcoxszHdFn9I",2018-11-12 15:48:40,2019-04-08 23:41:48,"Voluptatem sunt sed voluptates architecto ea provident illum suscipit."
"X4RXu5jrw7Ryf1H",2018-05-26 11:33:18,2019-11-06 15:50:28,"Sit nesciunt sint accusantium placeat explicabo dolorem."
"X4RXu5jrw7Ryf1H",2018-11-16 11:48:24,2019-12-03 01:59:21,"Eius quaerat assumenda cum."
"6agSdFdctA1Dgjl",2018-05-21 03:41:10,2019-04-12 14:50:45,"Itaque est recusandae minima recusandae et fugiat quasi."
"y8kgQr1Yg500cNR",2018-07-07 10:51:33,2019-06-05 12:19:59,"Quia minus esse sapiente accusamus ratione nesciunt nesciunt quas repellat."
"y8kgQr1Yg500cNR",2018-12-15 22:27:04,2019-11-27 10:20:20,"Natus aliquam rerum enim id esse accusamus aut impedit."
"y8kgQr1Yg500cNR",2018-10-25 04:41:50,2019-12-23 19:49:59,"Rem similique hic et consequuntur molestiae consequatur quam."
"J6y0e9bk3Yukn0m",2018-06-24 22:38:16,2019-12-21 02:24:53,"Sunt cupiditate animi non repudiandae nihil."
"J6y0e9bk3Yukn0m",2018-02-14 09:43:38,2019-05-17 07:26:32,"Voluptatem quam est et totam consectetur possimus quo consequatur."
"TCw0mmHxBnRO8pq",2018-12-31 17:40:31,2019-09-30 02:35:35,"Rerum est voluptatum unde."
"BvANvHOiNIBgH7M",2018-11-21 22:16:36,2020-01-10 05:09:59,"Omnis tempora perspiciatis praesentium sit voluptatem recusandae."
"XBtbxI25KgsfyYX",2018-09-30 09:11:34,2019-01-20 07:56:19,"Temporibus et laudantium voluptatibus."
"XBtbxI25KgsfyYX",2018-06-07 17:01:43,2019-03-02 19:34:22,"Et dicta cum magni et iure doloribus nemo distinctio quidem."
"XBtbxI25KgsfyYX",2018-06-07 04:20:03,2019-04-16 15:15:33,"Tempore ut unde fugiat minima voluptate consequatur optio voluptates a."
"MYkOMYM1Ov4dfVZ",2018-12-11 22:09:13,2019-08-15 00:29:42,"Nemo esse vitae quis velit expedita ullam."
"1GoSqbFq6mxfdL5",2018-04-20 00:56:55,2019-05-10 08:02:15,"Architecto a amet est qui accusantium."
"u5_RlHJdlloj5bK",2018-02-07 16:44:10,2019-06-11 12:41:52,"Fugit ad occaecati quisquam maiores aspernatur quas nihil."
"ajLPA3QYo0rrdY4",2018-03-16 05:15:31,2019-02-28 20:55:36,"Expedita cum corporis ipsa sed recusandae dolorem."
"ajLPA3QYo0rrdY4",2018-06-29 19:54:55,2019-04-23 11:25:02,"Sint quia expedita ratione eligendi ut voluptatem quo ea id."
"ajLPA3QYo0rrdY4",2018-04-27 13:06:52,2019-08-13 00:30:51,"Voluptatum dolorem ut."
"Brb8MzaDPqL5wOS",2018-08-04 23:06:56,2019-10-04 14:10:35,"Dolores sit et autem magnam sint consectetur."
"Brb8MzaDPqL5wOS",2018-11-05 20:39:30,2019-06-29 12:58:00,"Libero est laborum recusandae atque modi magnam sequi adipisci."
"acg6094vrZ7y5qC",2018-11-29 19:51:03,2019-11-15 04:57:11,"Laboriosam et vel ratione velit occaecati minus qui sed."
"acg6094vrZ7y5qC",2018-10-06 14:27:50,2019-01-25 03:35:24,"Tempore dicta a doloribus doloremque est magni aut accusantium."
"acg6094vrZ7y5qC",2018-09-03 18:58:43,2019-10-23 13:09:56,"Nulla et harum veniam facilis blanditiis."
"yrtRq9MSFodA_ri",2018-08-11 18:28:09,2019-06-20 16:36:15,"Et quia suscipit et iusto velit eos."
"0VGTtvGknkcdMPE",2018-01-27 12:17:56,2019-03-19 01:37:59,"Laborum velit sed consequatur culpa ipsam nobis asperiores."
"0VGTtvGknkcdMPE",2018-05-14 21:02:13,2019-04-29 04:49:47,"Quia nesciunt praesentium."
"5binAYfJFC9CuVo",2018-10-30 16:21:04,2019-12-30 22:02:26,"Similique ut est quidem."
"5binAYfJFC9CuVo",2018-10-29 13:54:51,2019-07-21 09:15:57,"Quae quidem sed aut debitis rerum qui omnis totam porro."
"edlxkIsXGqhAIYj",2018-04-04 12:21:34,2019-08-11 00:33:10,"Aut magnam quod."
"VmWQAMKVdiP55Oi",2018-07-16 17:43:27,2020-01-10 19:11:41,"Tempore dolores accusantium incidunt laudantium molestiae eum quia."
"VmWQAMKVdiP55Oi",2018-07-18 23:23:23,2019-09-15 04:57:56,"Qui eos porro in est."
"VmWQAMKVdiP55Oi",2018-09-06 08:35:28,2019-05-04 09:15:11,"Voluptatem soluta occaecati blanditiis est similique."
"2HcOBPXk0OKwasv",2018-03-03 07:46:33,2019-03-05 11:39:00,"Quasi impedit enim sed."
"2HcOBPXk0OKwasv",2018-01-30 23:55:39,2019-07-03 03:48:21,"Inventore voluptas voluptas exercitationem officiis unde."
"2HcOBPXk0OKwasv",2018-11-06 08:39:56,2019-04-13 19:57:17,"Autem odit nihil quia ut aut consectetur fuga."
"BtHhi8ofJSwWV8S",2018-02-06 08:04:11,2019-04-02 08:04:29,"Laboriosam voluptatibus quia tempora repudiandae ut."
"IxJjGVjHS5o729_",2018-02-09 22:39:53,2020-01-13 08:04:16,"Autem fugit dicta aut nihil corrupti sit veritatis asperiores."
"IxJjGVjHS5o729_",2018-09-22 16:21:21,2019-09-09 16:53:58,"Occaecati enim sed praesentium aliquam."
"QSdAFcL8sBnbo1e",2018-10-10 04:15:31,2019-04-20 11:34:49,"Qui illum officiis dolores laudantium quod."
"QSdAFcL8sBnbo1e",2018-03-22 13:40:42,2019-07-19 05:33:25,"Eius commodi quod et quam vero asperiores fugiat."
"KlmrkES8JgNAdvs",2018-05-21 10:21:08,2019-10-05 01:03:30,"Praesentium repellat voluptate et id in iure cumque qui."
"SvhE2WgrlSQPoAW",2018-08-30 05:15:56,2019-05-13 09:04:53,"Aut aspernatur aut enim consequatur at minus neque at."
"SvhE2WgrlSQPoAW",2018-06-01 10:54:14,2019-11-15 23:52:06,"Quia dolor eaque cumque excepturi dolor adipisci."
"3ptPiWyZVtR8eEk",2018-02-27 05:55:41,2019-04-19 06:09:24,"Id voluptates sunt esse ad nihil beatae suscipit labore ut."
