username,password,lastFormView,userID
"Maurine42","6bUeeOIkHbXNFGA",3,1
"Lorenza.Gulgowski72","gBeH_CD67ijJI1O",2,2
"Skye_Pouros50","MWPHasx8NP7RJhN",3,3
"Dedrick49","W5Ru0xeNYUQ0icQ",3,4
"Mateo29","Fi7CAsQU7uL_3qU",3,5
"Elena.Wyman","dVRmBFfs00ZsBoI",1,6
"Anabel75","NgQHd9pE0mknbG3",2,7
"Jasmin92","hWAhJar4owxOcFI",2,8
"Aletha.McLaughlin","gFMcT_XhjQWxcO_",1,9
"Mark.VonRueden","MPOn7K7mvGDAnTS",2,10
"Javonte79","lY48KZdGv3Xdasz",3,11
"Brennan.Feil","5W7GgGCiC0SN0UY",1,12
"Shakira_Bayer26","isodBIascBLyzpq",1,13
"Dangelo_Halvorson36","BTdV6W_8HuLyOXu",2,14
"Gage_Lindgren2","MxaQvRZXnpBBwFG",2,15
"Melvina_Kozey42","p8eQgTZXCVa3eaU",2,16
"Kari.Reichert91","X7gQjK42nHMskh7",1,17
"Martin51","MHmaAIzODjCg5Id",1,18
"Alta_Ledner48","IKXhFMzlmD0j4M0",2,19
"Mozell39","V2MqJuIDzsXxVsh",1,20
"Maida.Moen24","_0dwxFMMDZTorN8",2,21
"Faye60","wUDi6fwaS4VK8mR",1,22
"Roxane79","unPIjkxtRrmGrxp",3,23
"Enoch44","wkiRBvsqw_DDbVf",3,24
"Sim.Rau95","lNx4Tbr2VW1QrhF",1,25
"Alia.Torp52","tRoklOQJssvDJst",2,26
"Jordyn_Robel24","MyJpGfYR_Kd_UNJ",3,27
"Trevion.Klocko35","Di_V3YN1px0hzw0",3,28
"Marlen_Jones","B_C305zBzuJ6hmM",1,29
"Kyra.Morar65","XeRriL6kPlWCBmU",1,30
"Avis43","LOrAjKNgs5gSqYz",1,31
"Cesar_Stokes62","LTaV37UUpnerD_9",2,32
"Allison59","KhATavzpw3hA8QE",1,33
"Leonora_Ryan86","pXIUahDTR1lv4Sy",1,34
"Nikko_Waelchi0","pz0H844baOYBKTA",2,35
"Alfredo43","w3FiJOW5CojCJF3",3,36
"Favian.Mayert","863cVOhNGXFXuz8",3,37
"Glenda.Roberts78","sETSrYsGUZsmaOc",3,38
"Sydnee.Aufderhar","w1DhWiYeGRUtgGv",2,39
"Angela_Dicki22","lr3aeZyE0rO82ac",2,40
"Aliyah.Hettinger37","EevIoAnxLwo0ngg",3,41
"Rodolfo.Hettinger","tBAKKriBHvJSN7K",2,42
"Madison_Lakin1","R7mGloQYNJE4dDM",1,43
"Naomi.Hegmann","qTP_VP63OJWcmsA",1,44
"Keon.Morissette48","KOsBlqKoFEk3LF1",1,45
"Shanie49","Tcsho8B8gPF425E",2,46
"Alexandro43","xJ9qWgQ8ros0H2t",2,47
"Haven.Becker62","aKpRG2YWq4LJtfZ",3,48
"Brice_Stracke","rui0VPcFekD2Xed",1,49
"Ahmad40","nySYMbsstvP5zbx",1,50
"Rhett38","zVp4IbsMjSr3M9d",1,51
"Cornell.Grimes","MY47g0qFBoK_dfO",2,52
"Enid_Farrell","gqJCOxj8hgpg_r7",2,53
"Dave_Wiza","aHZ5w8CqEhoRr25",2,54
"Beverly.Crona48","Y_78z45ivYHYoN8",1,55
"Candace.Vandervort","pWAUirgrGynFI8r",1,56
"Gilberto.Wilderman97","U0OJ_9BgmHmciz7",3,57
"Delpha64","muqbSiue2fVXuZ6",2,58
"Fay57","zeflijE_nJ6a75P",2,59
"Lennie7","c_7m9dXYsbsz9Lh",2,60
"Warren.Volkman7","2qhai3popbwPx25",3,61
"Keaton35","og7xmUsQtDoIAxn",2,62
"Jany.Becker50","eGSvfeyLh2cCNSH",1,63
"Katharina29","VWfW4Egy6IZ7E2G",1,64
"Marcel_Luettgen","Ic5frs302BmHTkS",3,65
"Maude27","DvxO2hZDWWtYg8o",3,66
"Arlene.Borer","2AIfxQOTQl7YA4D",3,67
"Brielle.Lockman94","5fJbJs6fesuRMd5",2,68
"Jaydon.Schuppe","G_6or8p9flibSfL",1,69
"Kayleigh_Ernser","vHJEqj7STofRYvp",3,70
"Odessa84","NztTOF0sr71t4St",1,71
"Isadore_Hayes","9T9G0WnJKxKAny3",3,72
"Raina_Bauch","mCSawwd53_hj013",2,73
"Ethel52","v9Vo6RvoFmnjqtm",1,74
"Ladarius52","1vWNcoxszHdFn9I",2,75
"Walter.Weber","X4RXu5jrw7Ryf1H",1,76
"Miracle.Wilderman17","6agSdFdctA1Dgjl",3,77
"Brenden9","y8kgQr1Yg500cNR",2,78
"Libbie_Nitzsche70","J6y0e9bk3Yukn0m",1,79
"Hertha.Runte","TCw0mmHxBnRO8pq",1,80
"Kiera40","BvANvHOiNIBgH7M",1,81
"Gerhard_Deckow81","XBtbxI25KgsfyYX",2,82
"Roxane_Kuhlman","MYkOMYM1Ov4dfVZ",2,83
"Ramona.Ernser","1GoSqbFq6mxfdL5",1,84
"Brooks85","u5_RlHJdlloj5bK",3,85
"Randal_Bashirian46","ajLPA3QYo0rrdY4",1,86
"Ellis8","Brb8MzaDPqL5wOS",1,87
"Madisen87","acg6094vrZ7y5qC",3,88
"Amir_Kunze","yrtRq9MSFodA_ri",3,89
"Elliot87","0VGTtvGknkcdMPE",1,90
"Ole43","5binAYfJFC9CuVo",1,91
"Jefferey.Walter","edlxkIsXGqhAIYj",1,92
"Eli_Schamberger57","VmWQAMKVdiP55Oi",3,93
"Bernice_DAmore51","2HcOBPXk0OKwasv",2,94
"Alisa_Stehr95","BtHhi8ofJSwWV8S",1,95
"Kane_Koepp","IxJjGVjHS5o729_",1,96
"Chase16","QSdAFcL8sBnbo1e",3,97
"Jamison11","KlmrkES8JgNAdvs",3,98
"Ottilie.Streich26","SvhE2WgrlSQPoAW",3,99
"Sadye39","3ptPiWyZVtR8eEk",2,100
