created,available,secret,userID
2019-01-19 05:35:39,2019-01-19 17:13:21,"Quia odio et inventore eligendi in deserunt id.",1
2019-01-19 05:35:39,2019-01-19 18:42:17,"Odio quia vitae provident.",1
2019-01-19 05:35:39,2019-01-19 21:58:21,"Quia quos sequi molestiae beatae enim.",2
2019-01-19 05:35:39,2019-01-19 05:46:25,"Quia deleniti dolorem quibusdam id veniam perspiciatis et nisi.",3
2019-01-19 05:35:39,2019-01-19 21:42:26,"Laboriosam esse est soluta accusamus.",3
2019-01-19 05:35:39,2019-01-19 05:53:27,"Et sint est asperiores.",4
2019-01-19 05:35:39,2019-01-19 08:24:41,"Mollitia enim iste molestias nesciunt minima.",4
2019-01-19 05:35:39,2019-01-19 12:16:38,"Optio aut voluptatem excepturi eligendi voluptates iste eius iure.",4
2019-01-19 05:35:39,2019-01-19 07:32:36,"Officiis excepturi doloremque nam omnis.",5
2019-01-19 05:35:39,2019-01-19 17:46:14,"Magni rerum quia praesentium.",5
2019-01-19 05:35:39,2019-01-19 12:01:19,"Occaecati nemo alias et doloribus expedita et.",6
2019-01-19 05:35:39,2019-01-19 10:47:25,"Ut nostrum ducimus occaecati.",6
2019-01-19 05:35:39,2019-01-19 09:15:51,"Rerum qui voluptates unde.",7
2019-01-19 05:35:39,2019-01-19 14:34:45,"Quis nobis nemo asperiores nam ea aut consectetur nam.",8
2019-01-19 05:35:39,2019-01-19 10:29:18,"Quas optio ea odio sit odio quae voluptas id error.",8
2019-01-19 05:35:39,2019-01-19 20:35:30,"Aut qui qui.",8
2019-01-19 05:35:39,2019-01-19 14:12:27,"Et quia dolores sed dolores vel quis.",9
2019-01-19 05:35:39,2019-01-19 09:23:14,"Consequatur voluptas consequatur expedita omnis laudantium recusandae error culpa nihil.",9
2019-01-19 05:35:39,2019-01-19 20:55:22,"Porro voluptatem vel est libero.",9
2019-01-19 05:35:39,2019-01-19 15:08:29,"Quia autem consectetur.",10
2019-01-19 05:35:39,2019-01-19 06:35:04,"Molestiae nisi temporibus soluta velit.",10
2019-01-19 05:35:39,2019-01-19 19:21:18,"Aut sit id quia expedita nulla.",10
2019-01-19 05:35:39,2019-01-19 15:47:15,"Voluptate ipsa quis corporis laboriosam voluptatibus vel ut non fuga.",11
2019-01-19 05:35:39,2019-01-19 18:10:35,"Eveniet consectetur culpa delectus quo et.",12
2019-01-19 05:35:39,2019-01-19 17:13:38,"Voluptatum neque unde mollitia iusto nostrum exercitationem.",13
2019-01-19 05:35:39,2019-01-19 21:02:05,"Quasi voluptatem repellat earum quidem fugiat et nulla ratione quia.",14
2019-01-19 05:35:39,2019-01-19 07:09:19,"Minima sit ut quisquam vitae consequatur similique.",14
2018-09-17 09:28:19,2019-07-20 23:30:44,"Hic necessitatibus iste.",15
2018-12-31 05:16:32,2019-10-04 05:17:48,"Alias sit deleniti necessitatibus molestiae qui velit explicabo.",15
2018-09-13 23:07:46,2019-05-07 22:23:31,"Reprehenderit consequatur ea et aut itaque totam voluptates est.",16
2018-08-20 11:20:25,2019-12-07 06:19:58,"Saepe ad deleniti quia veniam suscipit quam voluptas.",16
2018-06-03 17:07:45,2019-05-21 11:45:41,"Numquam quas minima vitae quod culpa natus.",17
2018-12-05 22:16:51,2019-04-14 04:55:37,"Perspiciatis quisquam eligendi dicta repudiandae voluptatibus culpa.",17
2018-08-09 20:31:32,2019-04-02 10:06:36,"Maxime quas omnis.",17
2018-02-08 12:57:07,2019-03-07 08:31:14,"Doloremque cum illo consequatur sed dicta et ut molestiae.",18
2018-12-25 13:58:25,2019-06-22 00:18:24,"Quis enim est ea quod non.",18
2018-06-09 21:40:30,2019-10-27 08:48:59,"Rerum temporibus et aut consequatur dolorem.",19
2018-12-12 16:21:58,2019-07-10 19:57:59,"Enim dolores in similique amet voluptatem tenetur sit.",20
2018-11-22 03:42:09,2019-10-05 04:48:46,"Id earum consequatur dolore veritatis perferendis expedita accusantium.",21
2018-05-26 05:43:34,2019-04-19 09:19:40,"Molestiae qui totam totam autem est perspiciatis qui vero deleniti.",21
2018-10-20 15:38:40,2019-11-11 01:41:31,"Ab quia exercitationem similique qui a quis.",22
2019-01-18 09:34:54,2019-04-10 08:41:25,"Magni occaecati laborum illo doloribus molestias ut.",22
2018-03-03 01:01:42,2019-05-02 06:29:53,"Alias assumenda voluptatibus suscipit.",22
2018-09-30 12:58:43,2019-11-22 03:48:22,"Eos aut velit vero corporis et voluptatibus.",23
2018-02-12 17:53:37,2019-05-12 10:05:11,"Dolor mollitia cum odio est.",23
2018-10-23 22:27:49,2020-01-16 11:42:19,"Maxime voluptatum qui et natus ea.",23
2018-02-27 17:00:47,2019-10-07 21:47:30,"Doloremque tempore illo dolore fugit cupiditate placeat sed.",24
2018-11-06 10:32:46,2019-09-12 14:06:11,"Provident commodi iure aut dolore.",25
2018-06-03 16:29:46,2019-10-01 00:34:06,"Est assumenda vero suscipit at dolores a.",26
2018-06-12 08:48:25,2019-11-23 18:10:18,"Aut aut minus blanditiis.",26
2018-04-26 19:07:38,2019-04-17 22:56:35,"Voluptatem porro eaque ipsa eaque sint quod autem.",26
2018-10-29 21:35:06,2019-05-27 15:27:08,"Totam consequuntur fuga itaque blanditiis est.",27
2018-06-15 10:36:24,2019-07-11 19:41:31,"Omnis aut expedita nam natus consectetur.",27
2018-11-24 20:26:22,2019-03-20 21:36:55,"Delectus voluptas doloremque et.",27
2018-05-12 06:13:04,2019-07-06 14:09:43,"Neque voluptatem occaecati ex omnis tenetur.",28
2018-09-12 07:45:09,2019-09-16 17:23:54,"Nobis nihil suscipit natus asperiores.",28
2018-09-10 22:07:55,2019-12-30 01:50:53,"Adipisci nesciunt aspernatur modi earum.",28
2018-05-28 21:42:27,2019-11-10 23:57:08,"Minima expedita porro voluptas.",29
2018-06-18 03:18:53,2019-05-02 13:07:56,"Neque eum maiores debitis tempora impedit.",29
2018-03-17 04:28:32,2019-05-11 02:23:08,"Assumenda impedit odio consectetur.",30
2018-08-01 20:59:26,2019-06-22 09:56:14,"Laboriosam deleniti consequatur.",30
2018-02-27 01:20:36,2019-10-11 15:29:19,"Dicta eius quod laborum non pariatur deserunt rerum error nostrum.",31
2018-04-04 13:05:21,2019-10-13 23:08:17,"Perferendis quia debitis libero veritatis.",31
2018-09-04 18:32:47,2019-09-18 06:50:56,"Omnis quo vel quisquam eos dolores aut.",32
2018-06-07 10:14:27,2019-02-03 15:52:18,"Qui cupiditate voluptas assumenda delectus.",33
2018-02-25 13:16:48,2019-09-07 06:11:39,"Perferendis mollitia dignissimos possimus nisi sed cum.",33
2018-05-18 03:11:49,2020-01-10 08:28:28,"Fuga doloribus iste.",34
2018-11-05 02:27:18,2019-07-31 02:36:15,"Possimus vel perspiciatis occaecati quia autem et eaque.",34
2018-11-03 20:39:41,2019-09-26 05:40:07,"Consequatur voluptas itaque nesciunt sed quam sapiente dolore vitae quia.",35
2018-09-14 14:39:13,2019-08-27 13:10:36,"Corrupti mollitia quia ex aspernatur ducimus perspiciatis tenetur.",35
2018-07-10 04:08:57,2019-01-24 09:29:39,"Provident enim pariatur iure optio iste.",35
2018-08-13 01:24:40,2019-02-18 15:43:31,"Exercitationem sed eum assumenda consequatur.",36
2019-01-14 08:34:16,2019-03-31 22:35:21,"Magnam maiores incidunt.",37
2018-06-18 19:44:32,2019-06-11 16:57:56,"Sapiente error quos dolorum facere facilis voluptatum ea.",37
2018-10-07 14:47:01,2020-01-08 07:39:27,"Mollitia et ea iste est est accusamus et tempore.",38
2018-05-18 17:45:18,2019-03-25 03:29:11,"Cumque in qui exercitationem quae est.",38
2018-03-05 14:47:02,2019-10-18 03:04:55,"Porro ea aut asperiores sint perferendis iste.",39
2018-04-26 19:33:03,2020-01-12 15:55:35,"Ut eos consequatur qui molestiae suscipit.",39
2018-03-11 04:19:34,2019-02-18 00:15:50,"Id iste dolorum aliquid necessitatibus adipisci fugit sit.",39
2018-08-04 23:36:04,2019-07-27 21:23:49,"Et dolor tempore quia cumque accusamus.",40
2018-07-21 06:05:07,2019-05-20 04:51:24,"Voluptatem eligendi quisquam saepe delectus facere sit occaecati dolore.",40
2018-08-13 21:15:59,2019-03-17 18:35:19,"Amet voluptatem placeat sed accusamus nihil.",40
2018-08-04 23:27:55,2019-11-07 23:46:37,"Quod quidem id repellat facere modi aliquid cum aliquid.",41
2019-01-14 14:00:46,2019-11-28 08:52:43,"Beatae nisi dignissimos quidem dignissimos.",42
2018-07-21 16:44:56,2019-11-13 19:18:19,"Ut esse ut et non deleniti labore ducimus ut.",42
2018-07-14 02:47:16,2019-03-18 11:11:10,"Rerum qui quos ea et.",42
2018-08-03 03:34:48,2019-04-30 19:16:13,"Maiores tenetur asperiores dicta consequatur.",43
2018-11-26 22:19:15,2019-11-16 07:21:06,"Omnis ut ipsam.",43
2018-12-24 15:29:38,2019-05-06 21:52:19,"Sint voluptatem nihil eligendi quod ut velit consequatur.",43
2018-07-29 16:25:00,2019-04-02 13:57:39,"Quasi architecto non minima nihil autem.",44
2018-05-28 13:24:00,2019-11-10 19:08:27,"Laborum reprehenderit rerum.",44
2018-09-13 00:42:14,2019-11-06 13:46:58,"Similique et qui in corrupti ducimus corrupti officiis facilis.",44
2018-05-07 22:04:03,2019-12-06 16:28:48,"Voluptatem nemo enim libero voluptate exercitationem ipsam ut.",45
2018-03-25 07:30:24,2019-04-19 22:09:17,"Quasi quos voluptatem unde optio et alias placeat.",45
2018-10-18 16:44:56,2019-11-25 18:28:38,"Aut tempore perferendis ullam et iusto.",46
2018-12-01 16:29:34,2019-10-24 06:09:40,"Sunt nostrum enim fugiat odio adipisci.",47
2018-12-30 03:57:18,2019-11-21 20:15:11,"Esse illo et ab fuga soluta qui.",47
2018-11-20 00:12:09,2019-08-11 00:14:04,"Molestiae dolorem repellat dolores et rem quod eos rerum assumenda.",48
2018-08-01 15:44:42,2020-01-10 00:45:44,"Sit similique aut ea vel molestiae non mollitia.",49
2018-11-29 07:38:40,2019-06-09 20:46:19,"Voluptatem eum quod.",50
2018-07-09 07:52:25,2019-11-26 12:50:35,"Natus sunt nemo quo quia nihil nobis officiis rem assumenda.",50
2018-09-24 23:03:57,2019-04-30 19:05:31,"Rem aliquam quo temporibus.",50
2018-10-07 05:20:54,2019-04-29 09:23:56,"Aspernatur maxime alias ullam.",51
2018-05-24 01:44:04,2019-02-09 03:26:19,"Qui magnam quas quia delectus doloribus.",52
2018-06-23 20:27:19,2019-05-21 19:05:03,"Iste quos nesciunt laudantium est ipsam.",53
2018-06-03 01:33:40,2019-07-28 01:03:10,"Nulla eum placeat dolorem voluptas.",54
2018-10-31 04:06:31,2019-02-21 19:18:36,"Et consequuntur sunt labore dolore rerum sed.",55
2018-07-26 13:06:29,2019-04-17 21:45:53,"Ut mollitia suscipit velit enim mollitia dolores dolores fugiat.",55
2018-07-27 17:14:39,2019-01-26 18:38:28,"Repellat minima quis aut ducimus nostrum perspiciatis et voluptatem voluptates.",56
2018-12-20 10:02:10,2019-10-24 03:12:42,"Quia quo culpa ut iste.",56
2018-03-11 19:06:20,2019-06-17 10:49:26,"Perferendis eos maxime.",56
2018-09-28 14:49:15,2020-01-08 21:17:15,"Cumque nostrum autem iure tenetur nulla.",57
2018-12-08 06:09:50,2019-12-29 23:03:10,"Sint repudiandae est corporis inventore aut fugit aspernatur consequatur.",58
2018-03-22 16:41:30,2019-02-13 15:58:11,"Eligendi inventore cum voluptatem dolorem quae.",59
2018-02-08 07:19:18,2020-01-01 14:09:25,"Dolores quia totam recusandae.",60
2018-07-11 19:57:29,2019-02-27 18:38:08,"Accusamus earum ut ratione voluptatem qui facere perspiciatis.",61
2018-08-29 01:50:08,2019-06-18 23:45:02,"Cum ipsa similique nostrum ut.",61
2018-03-14 03:25:22,2019-10-19 06:19:57,"Quibusdam quis ex asperiores aut repudiandae sint in beatae sit.",61
2018-12-20 16:34:57,2019-03-05 14:06:57,"Quod facere consequatur aut dicta.",62
2018-04-15 07:43:53,2019-03-14 01:29:34,"Quis illum in mollitia facere impedit facilis ut quo rem.",62
2018-06-10 05:17:09,2019-10-15 15:21:30,"Et quia dolor molestias natus est dolores aliquid eum.",62
2018-10-17 00:55:10,2019-04-29 02:03:20,"Laborum et sed doloremque nemo sit quos.",63
2018-06-04 23:17:51,2019-04-06 20:25:31,"Blanditiis unde assumenda quia.",63
2018-09-23 09:57:43,2019-06-17 06:44:21,"Ut saepe rem illo ut velit molestias est.",63
2018-12-21 17:15:24,2019-03-09 07:38:45,"Et et at ullam quis atque occaecati non corrupti.",64
2018-11-22 05:35:08,2019-07-08 02:03:19,"Consequatur illo repellat voluptatem error.",64
2018-06-22 23:09:13,2019-10-12 02:40:34,"Unde nihil voluptatem nostrum similique.",64
2018-02-20 23:56:16,2019-12-18 22:45:50,"Ut praesentium consequatur explicabo vel.",65
2018-10-12 23:08:17,2020-01-13 15:36:17,"Quod eos maxime nulla possimus cumque voluptatem reprehenderit aut.",66
2019-01-05 23:25:44,2019-12-08 14:17:17,"Quod quae dolorem et magni nulla voluptatem enim doloribus reiciendis.",66
2018-03-22 18:01:03,2019-03-10 09:36:22,"Quia minima culpa et eveniet nostrum ut ut totam repellendus.",67
2018-10-07 21:07:19,2019-03-27 10:12:47,"Veritatis perferendis iure ipsum magni modi beatae sunt officia.",67
2018-06-08 13:56:34,2019-10-15 16:47:14,"Et voluptatum et est.",68
2018-02-11 09:24:14,2019-08-11 03:02:06,"Quidem veniam adipisci autem accusamus ut quis necessitatibus quis.",68
2018-05-20 21:01:52,2020-01-01 02:29:55,"Est enim dolorum illo officiis rerum voluptas non.",69
2018-04-22 21:04:40,2019-07-11 00:15:48,"Quo quia non ut nam harum.",69
2018-10-25 15:30:58,2019-06-09 23:06:09,"Consequuntur assumenda architecto cum nam tempora quo ipsa molestiae.",69
2018-09-07 14:51:43,2019-06-06 22:50:43,"Praesentium eos sed ab quisquam reprehenderit repudiandae voluptatem.",70
2018-03-21 23:50:34,2019-03-20 04:03:47,"Illo quod nobis illo earum illo nemo cum et.",70
2018-02-24 03:30:27,2019-06-19 02:09:19,"Ratione qui perspiciatis qui veniam veniam iste modi ea id.",70
2018-12-13 20:35:46,2019-11-21 23:35:31,"Sed quisquam iste dolores est dolores quam assumenda nihil.",71
2018-08-29 21:57:53,2019-03-19 16:24:19,"Rerum aut perspiciatis consequuntur ipsam quos.",71
2018-12-06 18:12:53,2019-12-06 17:44:36,"Eos labore ipsum aut veritatis inventore sed ut sed.",71
2018-11-20 12:53:54,2019-08-16 01:41:47,"Et ut quaerat consequuntur ea.",72
2018-12-26 23:35:33,2019-12-12 14:01:06,"Odio accusantium qui sint dignissimos laboriosam illum recusandae adipisci.",72
2018-03-16 04:28:13,2019-06-16 18:19:26,"Maiores assumenda nesciunt quia consectetur veniam dignissimos tempore qui enim.",73
2018-07-22 19:37:50,2019-02-05 14:09:36,"Ratione veniam sunt fugit ut aut beatae aut aut.",74
2018-11-29 20:12:15,2019-09-10 12:29:52,"Dolor reprehenderit quam dolor ut dolorem nihil saepe.",74
2018-10-12 02:59:41,2019-02-10 23:26:35,"Saepe nam et aut.",74
2018-02-26 11:46:08,2019-01-19 06:47:07,"Quia corrupti maxime et voluptate.",75
2018-11-12 20:32:52,2019-04-09 04:26:00,"Voluptatem sunt sed voluptates architecto ea provident illum suscipit.",75
2018-07-14 04:23:30,2019-01-28 04:18:26,"Laborum sit nesciunt.",76
2018-05-17 15:17:52,2019-03-23 19:38:41,"Explicabo dolorem et quibusdam neque eius quaerat assumenda.",76
2018-03-21 14:54:31,2019-02-13 15:51:04,"Incidunt asperiores quod itaque est recusandae minima recusandae et.",77
2018-04-06 23:02:34,2019-10-17 00:58:33,"Tempora magni exercitationem nostrum sunt molestiae dolore aut.",77
2018-06-17 07:24:54,2019-10-17 04:24:02,"Veritatis molestias at dolores ipsum.",77
2018-05-06 02:40:39,2019-02-22 08:00:01,"Aliquam rerum enim id esse accusamus aut.",78
2018-10-25 09:26:02,2019-12-24 00:34:12,"Optio rem similique hic et consequuntur molestiae consequatur quam.",78
2018-02-13 15:44:38,2020-01-08 16:13:22,"Rerum omnis qui cumque corporis odio incidunt.",78
2018-05-25 20:48:17,2019-07-08 17:56:21,"Similique et accusamus voluptatem quam est.",79
2018-09-23 01:00:33,2019-06-24 04:39:33,"Possimus quo consequatur non.",79
2018-03-31 14:44:19,2019-06-19 22:14:27,"Est nisi perspiciatis ea perferendis rerum voluptates nesciunt consequatur.",79
2018-07-27 15:08:54,2019-12-14 19:25:43,"In aliquid eveniet nisi sit.",80
2018-08-31 16:23:13,2019-03-26 20:25:39,"Recusandae nesciunt aut.",81
2018-08-30 20:28:35,2020-01-15 07:22:08,"Laudantium voluptatibus corporis alias earum et dicta cum magni et.",82
2018-05-19 00:52:00,2019-12-14 12:07:00,"Distinctio quidem et sed molestiae.",82
2018-06-07 09:04:16,2019-04-16 19:59:46,"Fugiat minima voluptate consequatur optio voluptates a.",82
2018-10-02 14:22:45,2019-02-26 08:17:52,"Molestias nemo esse vitae quis velit expedita.",83
2018-02-03 15:14:07,2019-03-28 21:14:50,"Odit blanditiis architecto.",84
2018-04-30 19:28:21,2020-01-13 22:33:08,"Adipisci tenetur minus fugit ad occaecati.",85
2018-08-28 19:45:13,2019-11-11 07:35:28,"Quas nihil rerum.",85
2018-05-17 08:37:42,2019-05-19 17:25:18,"Hic rerum laudantium.",85
2018-03-16 09:59:44,2019-03-01 01:39:49,"Sed recusandae dolorem.",86
2018-01-23 09:49:40,2019-07-08 00:52:23,"At eligendi dolore.",87
2018-11-23 05:08:08,2019-03-31 05:52:33,"Qui libero est laborum recusandae atque modi magnam.",88
2018-03-07 02:20:51,2019-09-18 20:13:16,"Dignissimos expedita reiciendis magnam.",88
2018-04-26 22:59:01,2019-10-12 08:49:14,"Et vel ratione velit occaecati.",89
2018-05-18 17:38:12,2019-02-19 03:01:22,"Eos qui quibusdam.",89
2018-08-14 11:08:21,2019-09-06 17:52:40,"Doloribus doloremque est magni aut accusantium quis sit laudantium nulla.",89
2018-07-02 02:36:06,2019-12-21 11:32:12,"Expedita quia vero sit quidem voluptas consequatur assumenda.",90
2018-11-29 21:10:02,2019-06-28 13:58:56,"Suscipit et iusto velit.",90
2018-06-21 19:40:16,2019-05-14 22:49:28,"Sit est laborum velit sed consequatur.",91
2018-10-11 03:37:18,2019-10-27 15:51:16,"Asperiores reiciendis neque dicta quia nesciunt praesentium nobis.",91
2018-10-30 21:05:17,2019-12-31 02:46:39,"Similique ut est quidem.",92
2018-08-22 21:43:14,2019-11-22 16:50:14,"Ipsam quam accusamus corporis est voluptas officia doloribus beatae.",93
2019-01-10 12:27:42,2019-11-08 20:15:36,"Et vitae nisi molestiae mollitia voluptas omnis nesciunt consectetur.",93
2018-03-06 13:57:38,2019-08-29 21:57:55,"Quod autem natus ullam temporibus.",93
2018-03-23 04:08:30,2019-03-04 05:39:00,"Accusantium incidunt laudantium molestiae.",94
2018-07-19 04:07:36,2019-09-15 09:42:09,"Reiciendis nisi qui eos porro in est.",94
2018-09-06 13:19:41,2019-05-04 13:59:24,"Voluptatem soluta occaecati blanditiis est similique.",94
2018-12-04 18:48:05,2019-06-22 11:43:51,"Neque quasi impedit enim sed aut.",95
2018-03-07 01:44:39,2019-08-07 19:43:08,"Voluptas voluptas exercitationem.",95
2018-11-06 13:24:09,2019-04-14 00:41:30,"Qui facilis autem odit nihil quia ut aut consectetur fuga.",95
2018-12-05 07:08:21,2019-04-11 23:27:13,"Odio laboriosam voluptatibus.",96
2018-06-10 03:20:14,2019-04-05 19:44:40,"Amet perferendis reiciendis aliquam expedita.",97
2018-03-28 10:33:12,2019-09-26 23:28:53,"Ab explicabo magnam et aliquid explicabo.",98
2018-03-31 18:21:33,2019-11-26 22:43:16,"Aliquam sed qui consequuntur doloremque quibusdam.",99
2018-08-30 20:58:50,2019-08-02 21:41:35,"Consequatur sunt repellendus.",99
2018-09-02 17:44:13,2019-03-28 15:47:17,"Perferendis voluptatem corporis non voluptatem eos tenetur ut ut possimus.",100
2018-02-07 04:51:34,2019-11-15 12:46:30,"Quod eos quibusdam non dolores molestias et.",100
2018-06-22 22:56:04,2019-05-24 20:44:44,"Ut reiciendis ab.",100
