user_id,username,password
1,"Maurine42","6bUeeOIkHbXNFGA"
2,"Lorenza.Gulgowski72","gBeH_CD67ijJI1O"
3,"Johnpaul_Kutch","WPHasx8NP7RJhNo"
4,"Clemmie.Kunde","Ru0xeNYUQ0icQbw"
5,"Abelardo_Hermann","YbtFi7CAsQU7uL_"
6,"Santa_DAmore","ANURWXRx_wB4TKR"
7,"Caroline_Cummings","sBoI4uKwU3ny7WL"
8,"Oscar68","G3OuPcGJ2JiZVtX"
9,"Thora8","OcFIsVJO4PnDMxm"
10,"Nettie_Runte","xcO_l3RIAkaHNm2"
11,"Alysha12","K7mvGDAnTSUOkJD"
12,"Pink24","KZdGv3XdaszwPEV"
13,"Lonny83","uNjtldisodBIasc"
14,"Kennith.Bogan","t_CBTdV6W_8HuLy"
15,"Kamron.Stiedemann47","xaQvRZXnpBBwFGh"
16,"Melvina_Kozey42","p8eQgTZXCVa3eaU"
17,"Kyler_Littel8","wX7gQjK42nHMskh"
18,"Martin51","MHmaAIzODjCg5Id"
19,"Melany.Senger","KXhFMzlmD0j4M0x"
20,"Anastasia.Boehm","fFV2MqJuIDzsXxV"
21,"Garret_Mohr","rN87Gj4j079cFBZ"
22,"Odie_Wuckert","xEHWgV52FqglunP"
23,"Aylin10","KwkiRBvsqw_DDbV"
24,"Verlie_Schmeler","x4Tbr2VW1QrhFnv"
25,"Shaylee_Rowe","tRoklOQJssvDJst"
26,"Makenzie.Kohler83","GfYR_Kd_UNJjcdT"
27,"Parker_Wunsch","T8yttFU_UE2M0RB"
28,"Lilliana43","6hmMt8LICxZsmx0"
29,"Misty_Larson46","6kPlWCBmUE0jdJ3"
30,"Zella74","SqYzVuf8tlfDPa4"
31,"Bridgette_Braun","9dmLRbT8hAxVutg"
32,"Jewel.Ankunding","hATavzpw3hA8QE_"
33,"Stuart52","yK66AqooBV0pvlQ"
34,"Una_Abshire15","H844baOYBKTAZFS"
35,"Domenic_Heller38","bbJw3FiJOW5CojC"
36,"Gene34","X863cVOhNGXFXuz"
37,"Jedidiah_Prohaska","Z1_AlqnuYN47wYC"
38,"Sierra18","ruXqxEb3v6lr3ae"
39,"Delpha45","2hSsIJBFK2C4DEe"
40,"Tia.Koch82","0nggh6BaBLmdFIf"
41,"Ruthie.Ruecker","vJSN7KPnALOGwR0"
42,"Emerald70","DMUToxcbgAHqTP_"
43,"Annette.Bins70","DN4FtmrWfFOKOsB"
44,"Stephon_Prohaska7","OTcsho8B8gPF425"
45,"Art67","xJ9qWgQ8ros0H2t"
46,"Jovani63","2YWq4LJtfZdUhIl"
47,"Sheridan55","PcFekD2Xed0hGJH"
48,"Mariah_Borer39","N0oogEzVp4IbsMj"
49,"Cordie68","QQPet4OMY47g0qF"
50,"Aryanna.Ziemann44","n8Q_Y6_egqJCOxj"
51,"Ryann_Fay","O0MeWyelhsFqyhV"
52,"Alfred_Bergnaum","5w8CqEhoRr25YvH"
53,"Harmon.Glover","oN84I8ly6Tf_Ths"
54,"Ryder_Jaskolski7","FI8rW9bf25zg621"
55,"Casimer.Corkery","_9BgmHmciz7Kqdi"
56,"Mustafa.Goodwin","XuZ6Fba0owLFB6W"
57,"Ignatius.Fay31","5P4MyzrKV5ZLc_7"
58,"Zander_Wiza39","2qhai3popbwPx25"
59,"Jesus_Casper55","ZBog7xmUsQtDoIA"
60,"Clyde.Lang40","SvfeyLh2cCNSHjG"
61,"Elian_Hills","yO9CV0MUc9VWfW4"
62,"Fiona.Feeney","nwwUQlIc5frs302"
63,"Casimer_Glover","xO2hZDWWtYg8oJX"
64,"Evan28","DtfGdQ2Nbgi3lsT"
65,"Brielle.Lockman94","5fJbJs6fesuRMd5"
66,"Macy6","or8p9flibSfLreF"
67,"Karolann.Shields52","YvpKi8umbp4eUjO"
68,"Anastasia_Douglas11","ttTVwlaEYMIb5gH"
69,"Elyse_Heaney","zmmymCSawwd53_h"
70,"Derrick_Auer","s7Sv9Vo6RvoFmnj"
71,"Donna_Berge","9S1vWNcoxszHdFn"
72,"Roscoe.Gibson","wCSnA25yEX4RXu5"
73,"Vaughn.Trantow","6agSdFdctA1Dgjl"
74,"Astrid97","kgQr1Yg500cNRvH"
75,"Tina_Mosciski","fcJ6y0e9bk3Yukn"
76,"Santiago_Cormier","_M3idnyIiATCw0m"
77,"Stevie.Moore1","OiNIBgH7M9Uj6TL"
78,"Kyra_Heller29","bxI25KgsfyYXD7k"
79,"Roxane_Kuhlman","MYkOMYM1Ov4dfVZ"
80,"Kevin61","61GoSqbFq6mxfdL"
81,"Brooks85","u5_RlHJdlloj5bK"
82,"Joaquin.Jones81","tMajLPA3QYo0rrd"
83,"Buster.Powlowski","pCgU9N07fVV2Brb"
84,"Jevon.Stark","wOSVX8D9Q3Ldoey"
85,"Destiney_Ebert60","7y5qCemjAPn3Rff"
86,"Jalyn_Stamm","LDiPItyrtRq9MSF"
87,"Mauricio5","dMPEO2e34CXb010"
88,"Clyde_Davis","Z5ttuKiMe6POyJ8"
89,"Lucile.Lang","KVdiP55Oihd6MIo"
90,"Jeanie_Corwin45","eVD1gnR2HcOBPXk"
91,"Antoinette12","tIisUKDI4347rzz"
92,"Tania.Tromp54","MBkIxJjGVjHS5o7"
93,"Nichole8","IOzRL91_1QSdAFc"
94,"Marquis72","SoFfnsMg85CgHrp"
95,"Jaden.Zieme","ZGEcodkswSvhE2W"
96,"Retta13","F3ptPiWyZVtR8eE"
97,"Celia_Trantow35","ZcVLGomktLQZCeQ"
98,"Delpha.Trantow","n93KcbZeTN8vFD2"
99,"Frederic_Pfannerstill","a6ZqSPtkTzATyrj"
100,"Margarete57","Vx8dX8AsvFHPP_t"
