secret_id,user_id,secret_id,creation_date,release_date,secret_label,secret_body
1,1,2019-01-22 06:16,2019-01-22 17:28,"qui quia","Et inventore eligendi in deserunt id."
2,1,2019-01-22 06:16,2019-01-22 13:51,"sit odio","Vitae provident quo provident."
3,2,2019-01-22 06:16,2019-01-22 23:00,"molestiae beatae","Necessitatibus molestiae placeat saepe eligendi."
4,3,2019-01-22 06:16,2019-01-22 18:20,"id veniam","Et nisi aut corporis laboriosam esse est."
5,3,2019-01-22 06:16,2019-01-22 21:06,"accusamus officiis","Excepturi blanditiis libero ut qui."
6,3,2019-01-22 06:16,2019-01-22 09:27,"fuga enim","Non voluptas quia vitae ipsam voluptas necessitatibus et."
7,4,2019-01-22 06:16,2019-01-22 13:14,"eius iure","Molestiae at voluptas quo ex."
8,4,2019-01-22 06:16,2019-01-22 23:55,"ipsa incidunt","Vel in unde nihil iste."
9,5,2019-01-22 06:16,2019-01-22 12:33,"nulla exercitationem","Illum at natus eum cum ipsam consequatur."
10,6,2019-01-22 06:16,2019-01-22 21:45,"ut exercitationem","Error quaerat porro error sint aut aliquid qui harum minus."
11,7,2019-01-22 06:16,2019-01-22 20:35,"facere rem","Molestias ab esse impedit aliquam quo vel dolorem."
12,8,2019-01-22 06:16,2019-01-22 16:26,"vel voluptatum","Ipsum molestiae inventore placeat nesciunt."
13,8,2019-01-22 06:16,2019-01-22 22:24,"laboriosam facere","Beatae nobis vero quia qui et."
14,9,2019-01-22 06:16,2019-01-22 18:59,"consequatur expedita","Laudantium recusandae error culpa nihil quia quis."
15,9,2019-01-22 06:16,2019-01-22 19:28,"voluptatem vel","Libero fugiat doloremque deserunt quidem totam aperiam tempore."
16,9,2019-01-22 06:16,2019-01-22 23:55,"reprehenderit rem","Quia delectus perspiciatis sunt et inventore et officia."
17,10,2019-01-22 06:16,2019-01-22 22:31,"quia expedita","Placeat amet sed esse aut doloribus dolores ut ipsum."
18,10,2019-01-22 06:16,2019-01-22 20:48,"nobis sint","Sunt fuga laudantium ipsam quas quos ipsam."
19,11,2019-01-22 06:16,2019-01-22 08:02,"aspernatur sit","Occaecati sapiente deleniti nisi ipsam quibusdam."
20,12,2019-01-22 06:16,2019-01-22 17:26,"dolores ut","Autem quia numquam voluptatibus odit in incidunt."
21,12,2019-01-22 06:16,2019-01-22 09:14,"ullam in","Maxime veniam in commodi voluptas consequatur voluptatibus consequatur."
22,12,2019-01-22 06:16,2019-01-22 11:31,"provident voluptatum","Unde mollitia iusto nostrum."
23,13,2019-01-22 06:16,2019-01-22 17:34,"praesentium non","Voluptatem repellat earum."
24,13,2019-01-22 06:16,2019-01-22 06:24,"fugiat et","Ratione quia quo mollitia minima sit ut quisquam vitae."
25,14,2019-01-22 06:16,2019-01-22 19:12,"officia alias","Necessitatibus iste laboriosam et harum alias sit deleniti necessitatibus molestiae."
26,14,2019-01-22 06:16,2019-01-22 12:52,"velit explicabo","Nihil voluptate aut."
27,15,2018-05-30 18:09,2019-05-29 14:44,"consequatur ea","Aut itaque totam voluptates."
28,15,2018-03-28 03:53,2019-10-18 15:43,"ullam quidem","Ad deleniti quia veniam suscipit quam voluptas esse aut est."
29,16,2018-06-06 17:48,2019-05-24 12:26,"quas minima","Quod culpa natus."
30,17,2018-04-15 04:51,2019-06-28 19:05,"dolores sit","Tenetur omnis expedita error."
31,18,2019-01-06 09:55,2019-08-01 14:37,"voluptatem nulla","Blanditiis sequi minima sed recusandae atque ipsam voluptatum voluptates et."
32,19,2018-11-30 07:17,2019-11-16 02:07,"sit eos","Molestias atque exercitationem molestiae hic."
33,19,2018-05-29 07:15,2019-04-26 05:38,"soluta quia","Aut et maiores sunt voluptate cum expedita laborum voluptate."
34,20,2018-12-19 03:50,2019-12-17 18:53,"possimus ad","Cupiditate quis aut doloribus."
35,20,2018-12-30 09:13,2019-01-27 01:32,"quo aliquid","Corrupti distinctio id earum consequatur dolore."
36,20,2018-08-04 17:27,2019-07-12 15:16,"expedita accusantium","Impedit voluptates molestiae qui."
37,21,2018-05-30 14:50,2019-02-11 05:19,"et ipsa","Facilis omnis eaque autem omnis dolorum incidunt sit sunt aut."
38,21,2018-10-23 16:19,2019-11-14 02:22,"minus repudiandae","Sed ab quia exercitationem similique qui a quis."
39,21,2018-11-15 09:45,2019-01-22 06:59,"laborum magni","Laborum illo doloribus molestias ut alias modi."
40,22,2018-04-03 19:59,2019-06-20 21:12,"molestiae est","Dolor sint debitis sint eos."
41,22,2018-10-01 03:46,2019-06-16 09:55,"vero corporis","Voluptatibus corporis voluptas laboriosam dolor mollitia cum odio est recusandae."
42,22,2018-01-25 00:09,2019-10-26 06:53,"maxime voluptatum","Et natus ea labore."
43,23,2018-02-07 02:48,2019-06-02 15:42,"qui doloremque","Illo dolore fugit cupiditate placeat sed saepe porro."
44,24,2018-02-17 01:03,2019-02-04 21:49,"ea provident","Iure aut dolore sed est."
45,25,2018-04-29 17:04,2019-07-07 03:25,"est assumenda","Suscipit at dolores a et optio eius aut aut."
46,25,2018-04-29 19:48,2019-04-20 23:37,"id nulla","Voluptatem porro eaque ipsa eaque sint quod autem."
47,26,2018-11-01 22:15,2019-05-30 16:07,"deleniti totam","Fuga itaque blanditiis est."
48,26,2018-11-13 04:05,2019-08-28 03:15,"autem omnis","Expedita nam natus."
49,26,2018-01-26 17:17,2019-03-22 10:23,"voluptatum quia","Voluptas doloremque et voluptatem dolorem ullam facere earum reiciendis voluptates."
50,27,2018-09-15 08:25,2019-09-19 18:04,"tenetur est","Minima nobis nihil suscipit natus asperiores."
51,27,2018-02-11 10:00,2019-03-01 05:58,"commodi adipisci","Aspernatur modi earum ex."
52,28,2018-03-07 09:36,2019-04-15 10:48,"quia minima","Porro voluptas facilis consequatur dolores neque eum maiores."
53,28,2018-01-26 05:36,2019-08-23 19:01,"impedit officia","Officia et delectus dignissimos expedita."
54,29,2018-03-25 07:38,2020-01-01 16:20,"nemo architecto","Deleniti consequatur totam nihil voluptatem."
55,29,2018-10-15 05:00,2019-07-09 10:45,"quia et","Dignissimos quibusdam aspernatur provident quia et."
56,29,2018-03-10 13:49,2019-09-07 06:53,"atque at","Architecto est qui voluptatum maxime."
57,30,2018-06-09 15:23,2019-07-06 20:10,"mollitia nam","Non libero earum ipsum eos eveniet nihil."
58,30,2018-05-03 20:41,2019-12-02 03:21,"ipsa sed","Error adipisci ut accusantium omnis omnis quo vel."
59,31,2018-06-10 10:54,2019-02-06 16:32,"non natus","Qui cupiditate voluptas assumenda delectus."
60,32,2018-08-18 00:47,2019-02-20 06:42,"quia et","Incidunt fugit laborum omnis voluptas qui accusamus quo qui."
61,32,2018-11-19 17:44,2019-11-07 01:09,"fuga doloribus","Tempore aut facilis possimus vel perspiciatis occaecati."
62,33,2018-02-20 08:10,2019-10-13 20:04,"fugit nemo","Error sit possimus."
63,34,2018-07-05 08:37,2019-04-23 12:29,"pariatur iure","Iste non perferendis qui pariatur nulla et tempora."
64,35,2018-08-12 16:26,2019-04-30 02:47,"vitae reprehenderit","Et eos ex reiciendis."
65,35,2018-02-20 02:39,2019-12-31 21:31,"quod cum","Vitae sapiente est voluptatem esse aut sint quia enim."
66,36,2018-03-31 19:17,2019-04-18 09:05,"dolore labore","Perferendis veniam eius earum blanditiis ducimus reprehenderit maxime."
67,36,2018-07-13 18:44,2019-11-30 23:46,"repellendus accusamus","Iure tenetur sed."
68,36,2018-10-10 15:27,2020-01-11 08:19,"mollitia et","Iste est est accusamus et tempore."
69,37,2018-04-20 09:43,2019-08-29 05:00,"dolorum ipsam","Quia nemo vel facere sunt."
70,37,2018-07-02 16:57,2019-12-07 21:04,"porro ea","Asperiores sint perferendis."
71,37,2018-06-09 16:36,2019-05-30 02:29,"maxime velit","Eos consequatur qui molestiae suscipit minus voluptatibus distinctio id iste."
72,38,2018-03-10 11:16,2019-07-08 14:15,"recusandae iure","Nesciunt vero quos et dolor tempore quia cumque."
73,38,2019-01-16 09:26,2019-07-31 05:00,"occaecati accusamus","Eligendi quisquam saepe delectus facere."
74,39,2018-06-02 02:51,2019-11-17 21:57,"eveniet molestiae","Perferendis qui doloremque explicabo laboriosam."
75,40,2018-03-03 13:44,2019-10-28 13:33,"culpa earum","Ducimus beatae laboriosam fugit adipisci."
76,40,2018-08-12 22:42,2019-01-26 21:51,"qui sed","Quo commodi et magnam debitis aliquid beatae nisi dignissimos quidem."
77,41,2018-10-26 23:03,2019-11-12 23:22,"quas et","Molestias rerum mollitia perferendis sit minima occaecati ipsa."
78,41,2018-06-02 19:18,2019-09-23 00:14,"ea autem","Sint voluptas officia atque quidem accusantium et nemo eum."
79,42,2018-11-10 20:50,2019-07-19 19:25,"error et","Aperiam modi voluptatem."
80,42,2018-04-03 08:36,2019-06-16 18:47,"odio sunt","Odit aut est et nisi nihil sit voluptatum."
81,43,2018-08-09 16:55,2019-02-07 17:36,"et pariatur","Eum repellat qui vel repellendus adipisci."
82,43,2018-10-28 07:04,2019-05-03 09:25,"in ipsum","Quia beatae sunt nihil nam rerum ipsa quisquam itaque ducimus."
83,43,2018-10-06 21:15,2019-05-17 15:33,"voluptatem alias","Mollitia cum voluptatem nemo enim libero voluptate."
84,44,2018-07-19 23:53,2019-02-21 05:33,"reprehenderit quos","Sint repellat et voluptatem nihil."
85,44,2019-01-10 09:43,2019-11-05 14:17,"totam quis","Doloribus qui natus quae temporibus doloribus."
86,45,2018-07-24 07:46,2019-06-21 01:14,"cupiditate beatae","Qui doloribus et modi modi molestiae hic soluta."
87,45,2018-07-17 17:42,2019-06-23 08:53,"sunt nostrum","Fugiat odio adipisci dolores omnis."
88,45,2019-01-02 04:37,2019-11-24 20:55,"illo et","Fuga soluta qui."
89,46,2018-04-26 13:29,2019-12-02 12:41,"a molestiae","Repellat dolores et rem."
90,47,2019-01-18 01:28,2019-06-19 02:27,"fugit explicabo","Quia molestias aut impedit sit similique."
91,47,2018-03-06 11:16,2019-12-16 12:15,"vel molestiae","Mollitia totam aut nobis et accusamus tempore."
92,47,2018-02-11 14:40,2019-11-10 01:47,"fugit doloribus","Eius itaque eligendi voluptatem sint quia sit."
93,48,2018-03-25 23:46,2019-04-17 03:05,"at consectetur","Aliquam quo temporibus voluptatem minima quae."
94,48,2018-07-16 04:21,2019-01-29 08:16,"et alias","Commodi exercitationem quos."
95,49,2019-01-12 22:23,2019-07-21 05:53,"explicabo dolorem","Corporis distinctio impedit quis qui doloribus."
96,49,2018-07-31 15:23,2019-12-05 03:53,"sapiente laboriosam","Eveniet porro repellendus vel."
97,50,2018-04-24 15:01,2019-09-20 04:18,"et facere","Quod voluptas voluptatem."
98,51,2018-02-01 16:02,2019-06-23 02:35,"facilis impedit","Aut non sint cum."
99,52,2018-11-20 15:31,2019-03-05 21:21,"et non","Illo quam quam laudantium vel et."
100,52,2018-12-20 22:06,2019-04-19 08:57,"sequi et","Atque mollitia et consequuntur."
101,52,2018-06-18 00:26,2019-05-24 11:15,"dolore rerum","Eius sunt voluptas ut."
102,53,2018-12-16 01:31,2019-07-05 07:52,"aliquid porro","Consequatur omnis at voluptatibus repellat minima quis."
103,53,2018-03-22 19:44,2019-08-21 11:50,"nostrum perspiciatis","Voluptatem voluptates deleniti voluptatem ad quia."
104,53,2018-03-14 04:54,2019-10-20 14:53,"ut iste","Omnis aut perferendis."
105,54,2018-02-01 14:34,2019-08-10 13:17,"laudantium cumque","Autem iure tenetur nulla nemo."
106,55,2018-12-11 06:50,2020-01-01 23:43,"repudiandae est","Inventore aut fugit aspernatur consequatur."
107,55,2018-05-05 16:36,2019-03-28 15:36,"qui dolore","Voluptatem rerum consequatur necessitatibus pariatur eligendi sed voluptas saepe."
108,56,2018-05-30 19:37,2019-04-30 05:42,"aut earum","Est temporibus assumenda assumenda eum a expedita illum."
109,57,2018-06-10 04:07,2019-03-10 11:12,"eos a","Quo consequuntur sunt officia officia."
110,57,2018-07-07 21:39,2019-08-01 17:54,"eaque et","Tempore accusamus earum ut ratione voluptatem qui facere."
111,57,2018-10-08 22:10,2019-06-01 09:26,"odit aliquam","Ipsa similique nostrum ut reprehenderit velit rerum quibusdam."
112,58,2018-08-08 14:28,2019-03-02 16:44,"itaque voluptas","Quasi aut quam."
113,58,2018-12-23 17:15,2019-03-08 14:47,"eum est","Quod facere consequatur aut dicta."
114,58,2018-11-29 11:22,2019-10-29 04:35,"repudiandae quis","In mollitia facere impedit facilis ut quo rem voluptas."
115,59,2018-08-18 08:59,2019-08-06 15:26,"voluptas vel","Harum ducimus laboriosam necessitatibus est sunt cupiditate nulla deserunt laborum."
116,59,2018-07-06 10:14,2019-10-29 22:06,"doloremque nemo","Quos quaerat ad sed blanditiis."
117,59,2019-01-02 22:31,2020-01-11 23:27,"quia fuga","Soluta ut saepe rem."
118,60,2018-06-07 00:22,2019-11-29 17:55,"alias exercitationem","Nulla hic voluptas et."
119,61,2018-11-15 01:46,2019-09-21 19:20,"maxime odit","Tempora nihil libero harum id doloremque labore magni minima eum."
120,61,2018-02-13 20:45,2019-03-13 05:14,"ea rerum","Consectetur nulla dolores amet."
121,62,2018-03-13 22:42,2019-10-21 03:34,"aliquid consequatur","Quam perspiciatis temporibus non non accusamus quod."
122,62,2018-03-26 12:26,2019-09-05 00:18,"nulla possimus","Voluptatem reprehenderit aut enim maiores tenetur quod quae."
123,62,2018-05-13 16:50,2019-04-05 01:23,"magni nulla","Enim doloribus reiciendis eaque rerum."
124,63,2018-12-05 22:14,2019-04-14 00:29,"eveniet nostrum","Ut totam repellendus eum eos assumenda veritatis perferendis iure ipsum."
125,63,2018-12-19 07:37,2019-07-28 17:41,"beatae sunt","Veniam sit laboriosam ullam molestiae qui sint."
126,63,2018-10-27 19:05,2019-08-27 23:11,"asperiores dolores","Corrupti perspiciatis excepturi autem enim."
127,64,2018-09-15 14:49,2019-01-28 06:48,"necessitatibus quis","Natus et vero quam est aut cumque praesentium numquam voluptates."
128,65,2018-03-22 11:11,2019-02-07 01:49,"nam harum","Rem officiis consequuntur assumenda architecto cum nam tempora."
129,65,2018-10-02 22:59,2019-06-19 14:37,"molestiae ut","Enim itaque deleniti qui et nihil."
130,66,2019-01-01 22:16,2019-05-14 18:21,"voluptatem consequatur","Possimus illo quod nobis illo earum."
131,66,2018-11-02 00:24,2019-06-18 14:02,"cum et","Neque et ratione qui perspiciatis qui veniam veniam iste."
132,66,2018-11-26 01:24,2019-08-03 03:32,"id ut","Dolores iusto iure nulla est labore."
133,67,2018-03-06 19:05,2019-08-09 06:17,"assumenda nihil","Voluptas voluptatum rerum."
134,67,2018-03-05 20:52,2019-02-14 05:16,"consequuntur ipsam","Reprehenderit neque et eos labore ipsum."
135,68,2018-06-27 12:10,2019-11-16 16:49,"laboriosam quos","Aliquam et ut quaerat consequuntur ea neque."
136,68,2018-12-30 00:16,2019-12-15 14:41,"odio accusantium","Sint dignissimos laboriosam illum recusandae adipisci."
137,69,2018-08-26 19:32,2019-12-31 04:18,"hic maiores","Nesciunt quia consectetur veniam dignissimos tempore qui enim nulla."
138,70,2018-12-24 18:16,2019-12-09 17:38,"ratione veniam","Fugit ut aut."
139,70,2018-08-22 15:56,2019-11-03 01:16,"aut dolores","Tempore dolor reprehenderit."
140,70,2018-03-11 21:38,2020-01-12 21:21,"ut dolorem","Saepe eos rerum quia saepe nam."
141,71,2018-03-01 12:26,2019-01-22 07:27,"quia molestiae","Ex quia corrupti maxime et voluptate."
142,72,2018-08-09 04:26,2019-03-03 11:30,"eos ratione","Ullam ratione labore occaecati molestiae minus minima ipsam ipsum velit."
143,72,2018-11-22 11:37,2019-09-16 21:34,"laborum sit","Sint accusantium placeat explicabo."
144,72,2018-03-10 05:08,2019-10-12 15:42,"quibusdam neque","Quaerat assumenda cum quia."
145,73,2018-10-06 18:45,2019-05-08 07:36,"asperiores quod","Est recusandae minima recusandae et fugiat quasi nam tempora magni."
146,74,2018-01-22 14:26,2019-08-05 22:16,"quia minus","Sapiente accusamus ratione nesciunt nesciunt quas."
147,74,2018-05-09 03:21,2019-02-25 08:40,"autem pariatur","Aliquam rerum enim id esse accusamus aut."
148,74,2018-08-21 13:26,2019-04-18 04:25,"vero optio","Similique hic et consequuntur molestiae consequatur."
149,75,2018-06-28 04:02,2019-12-24 07:49,"neque reiciendis","Voluptate voluptas totam sunt cupiditate animi non repudiandae nihil."
150,76,2018-07-14 10:38,2019-07-21 06:19,"esse et","Quasi aliquid vel."
151,76,2018-07-06 18:51,2019-02-09 13:27,"et veritatis","Voluptatibus exercitationem pariatur quia sed quia rerum est voluptatum."
152,76,2018-09-23 16:56,2019-07-16 22:42,"optio sunt","Veniam in aliquid eveniet nisi."
153,77,2018-01-30 03:33,2019-11-15 13:24,"voluptatem recusandae","Aut eum sit porro."
154,78,2018-12-05 12:58,2019-09-03 14:36,"laudantium voluptatibus","Alias earum et dicta cum."
155,78,2018-05-22 01:32,2019-12-17 12:47,"iure doloribus","Distinctio quidem et sed molestiae."
156,78,2018-06-10 09:44,2019-04-19 20:40,"unde fugiat","Voluptate consequatur optio voluptates a."
157,79,2018-10-05 15:03,2019-03-01 08:58,"mollitia molestias","Esse vitae quis velit expedita."
158,80,2018-04-23 06:21,2019-05-13 13:26,"fugit odit","Architecto a amet est qui accusantium."
159,81,2018-01-27 13:18,2019-02-26 23:32,"tenetur minus","Ad occaecati quisquam."
160,82,2018-10-03 16:14,2019-02-07 06:41,"sed omnis","Provident expedita cum."
161,82,2018-11-19 21:18,2019-09-19 03:00,"sed recusandae","Nulla aut itaque sint."
162,83,2018-10-02 17:01,2019-06-07 07:17,"doloribus laudantium","Itaque cum fuga."
163,84,2018-01-30 06:48,2019-04-24 04:01,"modi magnam","Adipisci sed dignissimos expedita."
164,84,2018-11-02 14:15,2019-03-21 15:03,"officiis nam","Nobis optio vitae magni quod aut ipsam fugit."
165,85,2018-10-09 19:52,2019-01-28 09:00,"eos qui","Tempore dicta a doloribus doloremque est magni aut accusantium."
166,86,2018-07-05 03:16,2019-12-24 12:12,"nihil nisi","Expedita quia vero sit quidem voluptas consequatur assumenda."
167,86,2018-11-24 21:04,2019-08-16 23:47,"quia suscipit","Iusto velit eos odio quam corporis velit incidunt officiis."
168,86,2018-03-29 16:03,2019-11-04 08:52,"voluptate asperiores","Aut ut consequuntur ea temporibus quia eos."
169,87,2018-06-19 04:49,2019-10-16 18:03,"nobis ad","Accusamus enim iusto numquam nobis assumenda illum nisi enim."
170,87,2018-03-26 19:51,2019-07-22 11:08,"iusto in","Aliquam commodi necessitatibus reiciendis error."
171,88,2018-01-25 22:23,2019-02-19 02:54,"quo quidem","Quibusdam sint dolor ipsam quam accusamus corporis est voluptas officia."
172,88,2019-01-13 13:08,2019-11-11 20:56,"voluptate voluptas","Et vitae nisi molestiae mollitia voluptas omnis nesciunt consectetur."
173,88,2018-01-22 11:51,2019-08-19 04:16,"magnam quod","Natus ullam temporibus officiis est culpa natus aut aut."
174,89,2018-07-22 04:48,2019-09-18 10:22,"excepturi reiciendis","Qui eos porro in est."
175,90,2018-07-26 04:48,2019-03-22 09:05,"corrupti eos","Et tempore et veniam eveniet id."
176,91,2018-10-22 23:09,2019-11-19 18:20,"nesciunt aut","Architecto aut esse facere voluptas."
177,91,2018-10-22 13:55,2020-01-10 03:21,"voluptatem voluptatem","Veniam et sed voluptates dolores similique ut error."
178,91,2018-12-08 07:48,2019-04-15 00:07,"provident ullam","Odio laboriosam voluptatibus."
179,92,2018-06-13 04:00,2019-04-08 20:25,"ad amet","Reiciendis aliquam expedita."
180,93,2018-12-19 09:13,2019-11-15 02:18,"blanditiis ab","Magnam et aliquid."
181,94,2018-04-03 19:02,2019-11-29 23:23,"dolores totam","Aliquam sed qui consequuntur doloremque quibusdam."
182,94,2018-10-25 07:21,2019-06-30 22:27,"quae consequatur","Repellendus iure sed."
183,94,2018-05-19 05:19,2019-11-25 08:21,"maxime voluptatum","Quo ut alias accusamus veritatis."
184,95,2018-01-30 10:19,2019-02-09 16:25,"eos quibusdam","Dolores molestias et hic qui odit ut."
185,95,2018-09-02 10:40,2019-05-16 14:29,"in nisi","Dolor aut aspernatur aut enim consequatur at minus neque at."
186,95,2018-11-12 07:44,2019-09-10 22:13,"omnis quia","Eaque cumque excepturi dolor."
187,96,2018-03-02 11:20,2019-04-22 11:34,"sunt corrupti","Id voluptates sunt esse ad nihil beatae suscipit labore ut."
188,96,2018-09-24 23:45,2019-08-25 11:40,"doloremque porro","Sunt cupiditate id quis dolorem dolor."
189,96,2018-04-29 01:40,2019-06-23 21:42,"eum adipisci","Rem vel voluptatem distinctio sit praesentium."
190,97,2018-02-07 06:15,2019-05-02 03:13,"enim ipsa","Rem cumque quisquam."
191,97,2018-05-24 13:00,2019-06-09 07:04,"illo accusantium","Explicabo ad eos non."
192,97,2018-04-25 05:30,2019-02-19 01:23,"et fuga","Qui quia doloribus magni est ipsum asperiores aperiam ut dolorem."
193,98,2018-02-11 10:32,2019-11-27 18:25,"voluptas quo","Enim adipisci sint repellendus magni."
194,99,2018-04-24 07:52,2019-05-16 15:53,"officiis aut","Deserunt tenetur explicabo sunt."
195,100,2018-12-17 20:51,2019-02-17 14:19,"temporibus blanditiis","Expedita beatae mollitia."
196,100,2018-09-18 00:12,2019-09-01 11:17,"culpa harum","Quae sed quas deserunt odit."
197,100,2019-01-18 03:00,2019-05-22 13:58,"dolor quisquam","Repellendus sunt officia sed doloribus in ea aut."
